customer_id,customer_name,address_line_1,city,state_province,postal_code
1,Allistir Rickett,21979 Crescent Oaks Parkway,Fort Worth,TX,76198
10,Bethanne Prestland,1014 Susan Alley,Columbus,OH,43284
100,Vergil Jallin,23428 Bartelt Way,Greensboro,NC,27455
101,Tobias Clutheram,41197 Hintze Court,Salem,OR,97306
102,Trueman McKeever,41320 Clarendon Center,Aurora,CO,80045
103,Georgie Thurston,67 Green Ridge Plaza,Wichita,KS,67215
104,Sophey Emloch,092 Maywood Junction,Jersey City,NJ,07305
105,Mal Verty,78191 Hudson Court,El Paso,TX,88558
106,Alison Batterton,489 Erie Hill,Richmond,VA,23293
107,Rivi Kyndred,4 Knutson Pass,New York City,NY,10045
108,Kaycee Farrin,6197 Northfield Terrace,Des Moines,IA,50320
109,Marcos Thorlby,8752 Scoville Parkway,Nashville,TN,37215
11,Elise Milan,40 Duke Lane,Las Vegas,NV,89166
110,Heinrick Wein,489 Kinsman Point,Corpus Christi,TX,78410
111,Yoko Avrahm,9105 Crescent Oaks Terrace,Fresno,CA,93709
112,Creight Pennrington,1800 Gateway Crossing,Topeka,KS,66699
113,Jamesy Brothwood,0693 Evergreen Pass,Scranton,PA,18514
114,Neely Vasyatkin,83330 Porter Pass,Sioux Falls,SD,57110
115,Godiva Mees,89 Warrior Alley,Denver,CO,80209
116,Alisha Ellins,8106 Dayton Center,Ashburn,VA,22093
117,Wally Teers,72785 Fieldstone Hill,New York City,NY,10155
118,Selle Sharplin,30152 2nd Point,Philadelphia,PA,19146
119,Linnie Snazel,256 Basil Avenue,Lubbock,TX,79452
12,Viv Origan,74771 Del Sol Plaza,Minneapolis,MN,55470
120,Tyson Rodmell,62 Park Meadow Place,Yonkers,NY,10705
121,Nisse Cunniam,0 Dennis Pass,Lincoln,NE,68531
122,Abie Iddons,0697 Hansons Lane,Arlington,TX,76096
123,Willabella Prendergast,8 Hooker Lane,Duluth,MN,55805
124,Andris Regina,18 West Circle,Birmingham,AL,35244
125,Vladamir Gandy,814 Hallows Terrace,Louisville,KY,40266
126,Rosalyn Aymeric,55 Heath Park,Topeka,KS,66699
127,Monro Smorthit,0 Moulton Lane,Seattle,WA,98104
128,Zena Veld,745 Corscot Circle,Austin,TX,78744
129,Sabrina Espie,812 International Park,Philadelphia,PA,19125
13,Pierson Dibben,3 Bluejay Crossing,El Paso,TX,88535
130,Alexa Savine,492 Upham Street,Lexington,KY,40591
131,Raddie Pawlicki,8 Calypso Point,Pueblo,CO,81005
132,Wesley Daughtery,04910 Valley Edge Court,Rochester,NY,14646
133,Latrina Higgoe,8380 Sommers Trail,Saint Louis,MO,63126
134,Ekaterina Duthie,15730 6th Lane,Fort Worth,TX,76115
135,Hermon Cleeton,7 Karstens Court,Miami,FL,33245
136,Emelina Padillo,8895 Gale Circle,Fresno,CA,93704
137,Jackqueline Reeders,4 Basil Court,Columbus,GA,31914
138,Charita Flook,518 Raven Terrace,Phoenix,AZ,85030
139,Egon Humfrey,33 Merrick Avenue,Oklahoma City,OK,73114
14,Don McIlheran,2253 Oxford Trail,Harrisburg,PA,17140
140,Marji Mairs,1861 Forest Center,Lynchburg,VA,24515
141,Leta Naseby,60380 Macpherson Street,Newark,NJ,07195
142,Joeann Toping,525 Bashford Terrace,Denton,TX,76205
143,Mychal Fidelus,31 Saint Paul Junction,Denver,CO,80241
144,Friedrich Hayden,4527 Everett Alley,Monticello,MN,55585
145,Roderich Janous,8 Esker Trail,Phoenix,AZ,85072
146,Carmina Filkov,3 Rieder Avenue,Santa Fe,NM,87592
147,Allys Caldaro,47 Emmet Drive,El Paso,TX,79945
148,Kristopher Brockherst,179 Hoffman Hill,Colorado Springs,CO,80995
149,Traci Tommasi,2 Dakota Alley,Kansas City,MO,64125
15,Merrill Langstaff,3212 Butternut Plaza,Richmond,VA,23220
150,Roch Clampton,49937 Lakewood Gardens Park,Kansas City,MO,64136
151,Tessy Rawlcliffe,96 Sommers Park,Indianapolis,IN,46231
152,Kory MacShirrie,41 Grasskamp Circle,Louisville,KY,40220
153,Happy Burk,433 Trailsway Trail,Greensboro,NC,27409
154,Hildagard Crang,4324 Linden Avenue,Washington,DC,20005
155,Wendi Jakubski,37 Mosinee Way,Chicago,IL,60636
156,Lane Fochs,035 Orin Trail,Naples,FL,34114
157,Loralyn Gert,59420 Heffernan Plaza,Rochester,NY,14609
158,Skipton Grevel,0 Fordem Terrace,Sacramento,CA,94245
159,Emelyne Putley,19 Springs Alley,Aurora,CO,80015
16,Cristina Gilder,5 Wayridge Plaza,Huntington,WV,25726
160,Dodi OCrevy,81571 Welch Terrace,Winter Haven,FL,33884
161,Kendricks Bernt,43 Red Cloud Road,Sacramento,CA,95818
162,Bendite McRuvie,54029 Dawn Court,Montgomery,AL,36125
163,Buddie Lewsey,81 Cascade Circle,Mesquite,TX,75185
164,Celie Farloe,7632 Fairview Street,Charlotte,NC,28230
165,Blondie Britten,59 Moulton Circle,Baton Rouge,LA,70805
166,Toby Palfrie,7 Eggendart Crossing,Salinas,CA,93907
167,Ninon McElory,22 Oak Valley Road,Grand Forks,ND,58207
168,Lindi Harlin,0 Schlimgen Crossing,New York City,NY,10060
169,Corny Ellings,58 Lake View Lane,Fort Wayne,IN,46857
17,Carr Giacopazzi,9 Old Gate Park,San Antonio,TX,78235
170,Cybil Couser,95 Tennyson Park,Denton,TX,76210
171,Eimile Saffill,627 Mesta Lane,Rochester,NY,14683
172,Iseabal Griswaite,234 Hoffman Junction,Annapolis,MD,21405
173,Phyllida Scannell,113 Colorado Circle,Jacksonville,FL,32220
174,Coop Gorhardt,3 Graceland Street,Greensboro,NC,27425
175,Evangeline Siggee,079 Mesta Way,El Paso,TX,79950
176,Meta Champneys,1433 Center Parkway,Saint Louis,MO,63116
177,Christalle Ruslin,2190 Hoepker Street,Milwaukee,WI,53285
178,Mycah McMaster,6 Troy Parkway,Las Vegas,NV,89145
179,Louis Muneely,6 Menomonie Lane,Baltimore,MD,21265
18,Pavia Vanyutin,30490 Eagan Terrace,Chattanooga,TN,37405
180,Georgia Parkman,3203 Merrick Lane,Houston,TX,77065
181,Vail Elster,95 Orin Place,Oceanside,CA,92056
182,Kathlin Barchrameev,5729 Hagan Court,Dallas,TX,75372
183,Belicia Poytres,2 Village Green Junction,Gilbert,AZ,85297
184,Marley Eates,0 Sutteridge Parkway,New Orleans,LA,70149
185,Wandie Lochhead,5 Westridge Lane,Stockton,CA,95205
186,Justin Archdeckne,02 Anderson Circle,Cambridge,MA,02142
187,Mord Fison,5 Corry Parkway,South Lake Tahoe,CA,96154
188,Georgie Schuster,5124 Trailsway Road,New Haven,CT,06510
189,Darnall Coupman,4 Victoria Street,Lincoln,NE,68583
19,Rania Kyne,4 Birchwood Avenue,New York City,NY,10175
190,Ragnar Joslow,049 Mcbride Plaza,Topeka,KS,66622
191,Bobinette Eads,5664 Donald Crossing,Glendale,CA,91205
192,Adiana Veld,5 Ramsey Avenue,Washington,DC,20244
193,Cliff Whitehall,2 Kedzie Pass,Arlington,VA,22225
194,Bettine Lemery,73 Bultman Lane,Brooklyn,NY,11231
195,Nada Possell,43 Vera Drive,Buffalo,NY,14263
196,Ches Phizaclea,12 Myrtle Court,Charlotte,NC,28284
197,Phaedra Tungay,53559 Melrose Point,Saint Louis,MO,63158
198,Clerkclaude Lorenzin,38911 Prairieview Alley,Atlanta,GA,30336
199,Mariam Caston,55 Mccormick Plaza,Washington,DC,20319
2,Stuart Petters,35097 Sullivan Park,Washington,DC,20551
20,Isac Wick,65378 Pond Court,Redwood City,CA,94064
200,Felita Solan,29 Express Point,Denver,CO,80223
201,Cort Paskerful,769 Buell Drive,Huntsville,AL,35810
202,Frankie Dogg,651 Oakridge Circle,Fort Worth,TX,76121
203,Leisha Murtimer,034 Fuller Parkway,Naples,FL,33963
204,Harris Wraighte,11 Gina Lane,Santa Monica,CA,90405
205,Gratiana Wasiela,536 3rd Place,Salt Lake City,UT,84199
206,Del Surgen,88 Ridge Oak Court,Stockton,CA,95210
207,Linnet Dainter,366 Armistice Place,Columbus,MS,39705
208,Nalani Curedale,4 East Junction,Cincinnati,OH,45203
209,Jozef Gethings,0 Dryden Pass,Houston,TX,77245
21,Corinne Rummin,3386 Mesta Junction,Lawrenceville,GA,30245
210,Rudyard Piddlehinton,7 1st Trail,Mobile,AL,36610
211,Adella Moir,39 Granby Street,El Paso,TX,79984
212,Roosevelt Crippen,288 Surrey Park,Detroit,MI,48295
213,Alec Endle,5829 Bobwhite Alley,El Paso,TX,79928
214,Lucho Clace,8104 Talmadge Terrace,Jamaica,NY,11470
215,Bronson Gripton,03611 Bluestem Point,Memphis,TN,38188
216,Findlay Percifer,011 Pine View Trail,Reno,NV,89550
217,Colleen Truman,1 Old Shore Road,Sandy,UT,84093
218,Dorolice Hemstead,569 Trailsway Pass,Carol Stream,IL,60351
219,Stirling Boston,18651 Harbort Parkway,Toledo,OH,43635
22,Hailee Claye,06 Calypso Terrace,Athens,GA,30605
220,Alvis Nollet,53 South Point,Hialeah,FL,33018
221,Stanislaus Rudderham,111 Everett Trail,Portland,OR,97221
222,Bessie Wolffers,38522 Northland Drive,Birmingham,AL,35220
223,Annaliese Isoldi,99072 Gerald Plaza,New York City,NY,10004
224,Sher Verralls,213 Petterle Street,Pompano Beach,FL,33075
225,Brigg Healey,794 Mifflin Circle,Philadelphia,PA,19120
226,Alvira Domanek,99 Northfield Circle,Woburn,MA,01813
227,Steffie Dunkerton,57 Elmside Terrace,Saint Louis,MO,63143
228,Hartwell Agronski,2 Rigney Court,Albany,NY,12232
229,Meredeth Akerman,9 Dovetail Plaza,Hartford,CT,06145
23,Darbie McGonigle,112 Vidon Road,Memphis,TN,38143
230,Rosco Gallihawk,55175 Russell Plaza,New York City,NY,10203
231,Maren Riccelli,43 Upham Plaza,North Port,FL,34290
232,Yank Eayrs,8176 Lawn Drive,Washington,DC,20575
233,Cosette Berkowitz,7619 Susan Lane,South Bend,IN,46634
234,Liane Bockin,5722 Sauthoff Court,Jacksonville,FL,32215
235,Jasun Syversen,64448 Lakewood Gardens Lane,Portland,OR,97216
236,Virge Noble,76 Kipling Junction,Miami,FL,33129
237,Jacklin Pierce,74 Fairfield Point,White Plains,NY,10633
238,Florence McNamara,6632 Transport Crossing,Detroit,MI,48211
239,Athena Stockau,410 Monica Parkway,Jersey City,NJ,07305
24,Riordan Oiller,046 Rusk Road,North Hollywood,CA,91616
240,Barnard Hatley,5541 Kim Alley,Duluth,GA,30195
241,Anatola Pounds,369 Fairview Plaza,Charlotte,NC,28299
242,Suzanna Childerley,85514 Northridge Junction,Santa Clara,CA,95054
243,Reyna Scarrisbrick,9 Kim Circle,Boston,MA,02203
244,Mose Sweetmore,742 Golf View Place,Silver Spring,MD,20904
245,Ragnar Fierman,1214 Stoughton Road,Bronx,NY,10459
246,Pattin Ferrie,50493 Paget Circle,Spartanburg,SC,29319
247,Marleah Beamont,3 Lakewood Lane,Seattle,WA,98121
248,Maureen Bleddon,967 Carberry Center,Nashville,TN,37240
249,Poppy Fideler,78264 Ronald Regan Crossing,Charleston,SC,29416
25,Alisander Schieferstein,380 Golf Plaza,Tulsa,OK,74116
250,Koralle Wortley,6671 Basil Place,Reno,NV,89505
251,Jock Forryan,00 Bashford Alley,Cape Coral,FL,33915
252,Avram Smurthwaite,5 Bonner Park,Dallas,TX,75265
253,Galvin Raggatt,7985 Messerschmidt Circle,Houston,TX,77045
254,Jorge Brookes,3 Graedel Plaza,Peoria,IL,61614
255,Renae Holbie,8076 Glacier Hill Street,Evansville,IN,47737
256,Hurlee Newby,52 Waxwing Park,Nashville,TN,37228
257,Mommy Deveral,8538 Pierstorff Drive,Washington,DC,20260
258,Oneida Coope,17288 Stuart Pass,El Paso,TX,88584
259,Kelsey Ekins,380 Dennis Road,Albuquerque,NM,87195
26,Anthea Cripin,8699 Garrison Center,Jersey City,NJ,07310
260,Merry Bacop,57 Bartelt Trail,Bridgeport,CT,06673
261,Ginny Blandamore,940 Surrey Hill,Staten Island,NY,10310
262,Osbert Leupoldt,4393 Bunting Hill,Wilmington,NC,28405
263,Ketty Northrop,76500 Warner Place,North Las Vegas,NV,89036
264,Gladi Cormode,8 Stephen Terrace,Birmingham,AL,35285
265,Selig Crebott,01 Talmadge Parkway,Topeka,KS,66622
266,Damita Savil,0686 Debs Court,San Mateo,CA,94405
267,Arvie Baxstare,08 Loeprich Court,Reno,NV,89550
268,Eddi Thorington,347 Scofield Circle,Gastonia,NC,28055
269,Ly Eliassen,57687 Shoshone Hill,San Jose,CA,95133
27,Conney Aaron,45133 Helena Circle,Kansas City,MO,64125
270,Pennie Moncreiff,259 Sommers Circle,Houston,TX,77276
271,Jamal Bolte,34483 Merry Circle,Juneau,AK,99812
272,Cary Housecroft,00576 Loftsgordon Terrace,Miami,FL,33147
273,Sophey Mixworthy,3 Daystar Terrace,Des Moines,IA,50936
274,Alastair Pinilla,1 Burning Wood Avenue,Austin,TX,78703
275,Ariel Leckenby,58606 Del Mar Way,Cheyenne,WY,82007
276,Rhody OHannen,987 Prairieview Plaza,Texarkana,TX,75507
277,Maximilian Bryns,20 Oriole Drive,South Lake Tahoe,CA,96154
278,Grete Bayns,9611 Garrison Drive,Lexington,KY,40591
279,Florella Heball,0961 Homewood Center,Levittown,PA,19058
28,Elisabetta Kittless,78 Forest Dale Trail,Honolulu,HI,96815
280,Welbie MacDirmid,97512 Starling Lane,Brooklyn,NY,11215
281,Tedda Rake,69612 Crest Line Way,Shreveport,LA,71161
282,Karissa Culbard,93969 Pierstorff Trail,San Antonio,TX,78255
283,Jamie Balmann,2 Ronald Regan Street,White Plains,NY,10606
284,Valentia Le Brun,024 Golf View Point,Saint Paul,MN,55146
285,Marji Terbrug,82 Cambridge Alley,Shawnee Mission,KS,66220
286,Mead Ghidetti,26216 Hallows Trail,Evanston,IL,60208
287,Ariadne Tough,23 Sherman Way,El Paso,TX,79911
288,Rodolfo Ondra,32 Ryan Street,New Orleans,LA,70116
289,Keefer Maddra,27117 Merry Parkway,Miami,FL,33129
29,Thekla Strudwick,4088 Declaration Crossing,Phoenix,AZ,85030
290,Dianemarie Payze,459 Meadow Vale Point,Jackson,MS,39210
291,Jeanie Wells,3 Sutteridge Trail,Washington,DC,20425
292,Valene Stapford,8083 Dottie Junction,Austin,TX,78778
293,Audre Mathias,3 Holy Cross Street,Albuquerque,NM,87121
294,Brittany Mccaull,7221 Glendale Circle,San Francisco,CA,94132
295,Chaddie Holbie,9310 Sachtjen Court,Baltimore,MD,21211
296,Garth Blanshard,4065 Ilene Junction,Springfield,IL,62711
297,Lucita OCallaghan,6 South Drive,San Francisco,CA,94142
298,Doe OTeague,883 Fairview Trail,New Orleans,LA,70149
299,Onfre Pontain,19 Hanson Road,Alexandria,VA,22301
3,Jock Canfer,0185 Ronald Regan Parkway,Miami,FL,33261
30,Mano Swanborrow,1845 Waywood Alley,Saint Petersburg,FL,33737
300,Georgia Hulk,7 Dakota Terrace,Roanoke,VA,24048
301,Ginelle Doubrava,8582 Portage Parkway,Richmond,CA,94807
302,Rolando Quadrio,64 Fairfield Trail,North Hollywood,CA,91606
303,Symon De Caville,14 Darwin Lane,Brea,CA,92822
304,Elly Stonbridge,2 Little Fleur Trail,San Francisco,CA,94110
305,Bibbye De Freyne,0476 Prairie Rose Alley,San Antonio,TX,78240
306,Charline Orehead,4966 Harper Circle,Wilmington,DE,19810
307,Thayne Kapelhof,20793 8th Alley,Saint Paul,MN,55146
308,Ortensia Heardman,61669 Columbus Junction,El Paso,TX,88553
309,Crysta Cabell,65932 Corben Alley,New York City,NY,10170
31,Jeni Tatterton,60 Bashford Circle,Cedar Rapids,IA,52405
310,Frieda Forkan,0 Redwing Junction,Los Angeles,CA,90015
311,Ardella Lynagh,5092 Summer Ridge Court,Tulsa,OK,74116
312,Nellie Beaves,9 Eastlawn Court,Portland,OR,97255
313,Sofia Rau,4668 Trailsway Crossing,Syracuse,NY,13210
314,Luelle Bancroft,9 Shopko Plaza,Salt Lake City,UT,84130
315,Riva Nolder,48 Clove Street,Fort Myers,FL,33906
316,Eleen Rapi,74 Russell Park,Minneapolis,MN,55441
317,Liliane Jacmard,2 Manufacturers Street,Orange,CA,92668
318,Christy Morriss,9769 Cottonwood Court,Washington,DC,20557
319,Arman Chaim,7363 Ruskin Circle,Washington,DC,20456
32,Cary Wellan,07 Becker Junction,Mobile,AL,36616
320,Anastasie Hussey,14 Maple Wood Drive,Cleveland,OH,44111
321,Artair De Wolfe,10586 Duke Road,Washington,DC,20535
322,Aidan Gorstidge,7259 Farragut Trail,Salt Lake City,UT,84115
323,Rollie Kimmerling,0743 Hayes Plaza,San Francisco,CA,94137
324,Madge Roux,0 Fulton Parkway,Irvine,CA,92710
325,Donetta Nanetti,889 Pleasure Alley,Seattle,WA,98158
326,Zorah Jakubowicz,472 Browning Drive,Columbia,MO,65211
327,Gunner Grosvener,51 Grim Center,El Paso,TX,88519
328,Riane Golsworthy,1084 Rutledge Pass,Hollywood,FL,33028
329,Eleanore Frodsam,0 Anthes Hill,Fresno,CA,93726
33,Larisa Lazer,36 Rockefeller Plaza,Pasadena,CA,91125
330,Bat Alexander,27 Kinsman Trail,Washington,DC,20210
331,Aldo Peatt,03946 Marcy Crossing,New York City,NY,10019
332,Pail Ferrero,3500 Lunder Terrace,New York City,NY,10034
333,Delphine Allsobrook,1 Esch Alley,Detroit,MI,48267
334,Corbett Grigorkin,227 Artisan Way,Inglewood,CA,90398
335,Estella Extence,8 Golf View Hill,Washington,DC,20503
336,Pearla Baxill,56 Fisk Trail,Washington,DC,20530
337,Nev Farraway,93418 Colorado Trail,Naperville,IL,60567
338,Oralia Wedlock,2649 Westport Circle,Toledo,OH,43699
339,Allys Beadell,2 Acker Hill,Lafayette,LA,70505
34,Kessiah Rennock,227 Fieldstone Road,Los Angeles,CA,90060
340,Avril Gisburne,551 Del Mar Alley,Chicago,IL,60641
341,Sherlocke Wetton,4074 Magdeline Plaza,Kalamazoo,MI,49048
342,Kassie Iglesia,7 Warrior Hill,Gaithersburg,MD,20883
343,Misha Sarchwell,65685 Maryland Alley,Kansas City,MO,64114
344,Lexy Rabbage,7883 Commercial Pass,Greensboro,NC,27404
345,Conway McClaren,4851 Texas Road,Jacksonville,FL,32204
346,Valentijn Starling,57643 Carey Lane,Las Vegas,NV,89166
347,Juanita Packman,463 Rigney Place,Mountain View,CA,94042
348,Natividad Gowenlock,67618 Kedzie Junction,Simi Valley,CA,93094
349,Xylia Ambroise,0350 Katie Parkway,Dallas,TX,75358
35,Martie Kinsey,523 Pierstorff Avenue,Arlington,VA,22205
350,Kathe Careswell,440 Sachs Drive,El Paso,TX,79977
351,Glenn Reville,3 Springview Drive,Dallas,TX,75277
352,Eustace Jossel,4 Memorial Court,White Plains,NY,10633
353,Ewart Vogeler,38314 Summit Circle,Round Rock,TX,78682
354,Jermaine Belleny,8 Hansons Place,Houston,TX,77201
355,Vallie Novis,69829 Coolidge Center,Boston,MA,02283
356,Marley Bowerman,78 John Wall Street,El Paso,TX,88589
357,Martelle Paxeford,451 Manitowish Place,Richmond,VA,23293
358,Etienne Parslow,533 Jay Lane,Atlanta,GA,30328
359,Clevey Hussell,632 Gina Trail,London,KY,40745
36,Lindsy Denty,4020 Dexter Way,Hyattsville,MD,20784
360,Kerr Cleaton,310 Meadow Ridge Place,New York City,NY,10175
361,Jermain Derkes,2421 Twin Pines Road,Pensacola,FL,32526
362,Philip Gowenlock,6 Autumn Leaf Place,New York City,NY,10039
363,Waylin Skowcraft,39 Farmco Avenue,Des Moines,IA,50393
364,Virginia Smewin,922 Cottonwood Place,Birmingham,AL,35242
365,Sherilyn Dionisetti,2126 Tennyson Drive,Mesa,AZ,85210
366,Sly Fochs,1 Farmco Place,Jamaica,NY,11470
367,Pearl Voysey,57 Pawling Center,Milwaukee,WI,53210
368,Lian Raft,15237 Waubesa Way,Kansas City,MO,64136
369,Jeanine Lugard,8985 Roth Crossing,New Orleans,LA,70174
37,Cord Quenell,3001 Crowley Point,Flushing,NY,11355
370,Darby Tesseyman,7468 Jackson Circle,Albany,NY,12210
371,Gustavo Loveitt,7 Shasta Place,San Bernardino,CA,92424
372,Eliot Lampart,0 Lighthouse Bay Avenue,Atlanta,GA,30301
373,Letizia Bogges,96330 Iowa Drive,Atlanta,GA,30336
374,Meryl Toft,0420 8th Pass,Lexington,KY,40596
375,Dian Manklow,28987 Reinke Drive,Fort Wayne,IN,46825
376,Dov Wilkisson,33 Gina Lane,Portland,OR,97201
377,Twyla De Biasio,2 Mesta Court,Washington,DC,20566
378,Cos Heimes,2 Express Terrace,Sacramento,CA,94230
379,Federica Flacknell,92422 Claremont Point,Chicago,IL,60669
38,Frederik Stallard,1183 Pearson Alley,Youngstown,OH,44511
380,Anson Mancer,0 Starling Road,Olympia,WA,98506
381,Huntlee Leppingwell,3823 David Street,Washington,DC,20337
382,Kain Hiland,01 Washington Junction,Saint Louis,MO,63126
383,Corinne Rysdale,771 Porter Circle,Fairbanks,AK,99790
384,Wanda Dionisetto,0056 Kropf Road,Brooklyn,NY,11205
385,Burr Freen,95427 Evergreen Way,Washington,DC,20420
386,Dynah St. Ledger,34299 Kedzie Pass,Miami,FL,33158
387,Doralia Gosnoll,79616 Gina Alley,Largo,FL,34643
388,Randene Fairbrace,0 7th Pass,Wichita Falls,TX,76310
389,Lorenzo Caldwell,168 East Avenue,Lexington,KY,40581
39,Kendre Waterman,8119 Florence Court,Louisville,KY,40280
390,Page Heatlie,863 Rutledge Crossing,Sacramento,CA,94237
391,Udell Mitrikhin,931 Northport Trail,San Jose,CA,95194
392,Solomon McGorman,124 Annamark Road,Newport News,VA,23612
393,Ozzy Yockley,01 Algoma Way,Kansas City,MO,64114
394,Lind Brickstock,93 Westridge Parkway,Salt Lake City,UT,84120
395,Jarrett Swainger,74 Sachs Trail,Salt Lake City,UT,84199
396,Granger OGready,02605 Straubel Way,Kalamazoo,MI,49048
397,Kikelia Rousell,1 Mallory Circle,Philadelphia,PA,19125
398,Becka Thorby,1649 Crest Line Avenue,Miami,FL,33164
399,Chrisse MacGall,6 Iowa Park,Jacksonville,FL,32236
4,Brodie Puddle,517 Menomonie Road,Gilbert,AZ,85297
40,Ramona Fanshawe,1 Arkansas Trail,Richmond,VA,23228
400,Horatio Magenny,9 Forest Dale Park,Dallas,TX,75342);
41,Kylen Gouinlock,6 Bluejay Center,Ashburn,VA,22093
42,Zebulon Degg,5 Clemons Crossing,Vero Beach,FL,32969
43,Arleta Heynel,5747 Oakridge Way,Seattle,WA,98121
44,Darcey Sisnett,2370 Red Cloud Street,Terre Haute,IN,47805
45,Willetta Lumley,41 Ridgeway Alley,Irvine,CA,92612
46,Sherrie Garmons,4495 Lakewood Trail,Saint Joseph,MO,64504
47,Farlee Mongeot,080 Comanche Road,New York City,NY,10170
48,Mehetabel Ingold,70405 Bunker Hill Drive,Kansas City,MO,64101
49,Tamarra Otridge,7 Summer Ridge Road,Migrate,KY,41905
5,Pincus Escoffier,2 Florence Point,Hartford,CT,06183
50,Jonathon Goodbarr,79 Vera Lane,Greensboro,NC,27415
51,Timotheus Shorter,7648 Hoffman Place,New York City,NY,10292
52,Massimo Bisgrove,546 Manitowish Avenue,Dayton,OH,45454
53,Rosana Poole,17 Jenna Lane,Syracuse,NY,13224
54,Gordon Fairnington,5940 Shopko Center,Las Vegas,NV,89130
55,Field Freathy,911 Daystar Point,Corona,CA,92883
56,Sadella Whitebrook,803 Morning Junction,Manchester,NH,03105
57,Lonnard Grishinov,14 Morning Plaza,Tulsa,OK,74103
58,Emlen Duxbury,5563 Kinsman Road,Hayward,CA,94544
59,Dorian Osanne,54 Duke Hill,Houston,TX,77075
6,Morgen McCathay,59 Vernon Place,Albuquerque,NM,87121
60,Marita Rushbury,08704 Orin Park,Saint Paul,MN,55146
61,Erich Pittendreigh,74962 Clemons Lane,Odessa,TX,79764
62,Xever Reuven,3274 David Lane,Colorado Springs,CO,80915
63,Rafaelita Lanktree,178 Quincy Street,Oakland,CA,94622
64,Egon Croan,03454 West Avenue,El Paso,TX,79934
65,Carry Dugdale,553 Moose Lane,Norwalk,CT,06854
66,Mahmud Downes,43 Warrior Crossing,Everett,WA,98206
67,Gordy Matteau,59 Northland Circle,Wilmington,DE,19805
68,Eadmund Lancashire,739 Rusk Trail,New Castle,PA,16107
69,Gwennie Shapcott,2 Straubel Way,Cincinnati,OH,45254
7,Stu Francomb,5 Bayside Alley,Gastonia,NC,28055
70,Lark Battaille,44 Killdeer Way,Sioux Falls,SD,57198
71,Elita Nosworthy,279 Rockefeller Street,Phoenix,AZ,85053
72,Ardys Farnon,82 Maryland Junction,Dayton,OH,45432
73,Land Emerton,7 Fairview Point,Knoxville,TN,37924
74,Kristal Trafford,25899 Ilene Plaza,Fresno,CA,93762
75,Christabella Orable,2412 Pepper Wood Circle,Virginia Beach,VA,23464
76,Virginia Battams,442 Pawling Plaza,Washington,DC,20420
77,Jamal Ridgway,4802 Maryland Plaza,Bozeman,MT,59771
78,Jonas Popplestone,0608 Marquette Lane,Little Rock,AR,72231
79,Carling Braunds,58887 Hooker Hill,Baltimore,MD,21265
8,Bobbye Caveill,745 Sugar Avenue,Denver,CO,80249
80,Alika Adam,3 Eggendart Way,Des Moines,IA,50981
81,Pepito Davidson,041 Westerfield Park,Tulsa,OK,74149
82,Sabina Stockow,7466 Nelson Alley,Milwaukee,WI,53210
83,Saxe Southam,6 Pankratz Drive,Baton Rouge,LA,70805
84,Oby Treppas,8 Ohio Alley,New York City,NY,10105
85,Lacie Keddle,09472 Lakeland Park,Washington,DC,20575
86,Caryn MacClay,1900 Wayridge Center,Charlotte,NC,28215
87,Rina Hinks,7 Reinke Avenue,El Paso,TX,79923
88,Koenraad Monksfield,815 Kings Hill,Albany,NY,12242
89,Noll Forrington,4 Gina Court,Omaha,NE,68117
9,Delmer Labram,688 Bowman Plaza,Brockton,MA,02405
90,Jacky Aherne,62691 Ridgeview Trail,Maple Plain,MN,55572
91,Khalil Deathe,5966 Dakota Drive,Peoria,IL,61640
92,Noni Calverley,0 Spohn Trail,Wilmington,DE,19886
93,Torrence Normandale,20 Truax Place,Columbia,SC,29225
94,Karena Tireman,76 Nova Lane,Lafayette,IN,47905
95,Fawn Beauvais,4549 Garrison Plaza,South Bend,IN,46620
96,Pieter Monday,2724 Bartelt Hill,Akron,OH,44321
97,Dolorita Bools,84 Lake View Parkway,Chicago,IL,60636
98,Sammie Bosworth,07 Petterle Street,Miami Beach,FL,33141
99,Haskell Postan,9914 Nancy Street,Inglewood,CA,90398
